blad;sidor;format;yta_m2;banor;fil_kB;vagg_s;cpu_s;minne_MB;utdata_MB;fragor;fragetecken;skala;namn_med_meter;cpu_kr;llm_kr;lagring_kr;kr
z|2|Hus B.pdf;39;A1;18.61;1084301;12522;1401.0;1422.2;2526.0;109.2;54;43798;FROM_THE_SET;0;0.4059;2.811;0.3276;3.544
z|3|Badskon 1.pdf;26;A3;3.495;281258;2893;436.7;441.0;776.0;26.6;38;30683;NONE;0;0.1259;1.977;0.0799;2.183
TOFTASKOLAN HUS B|V-50-1-010.pdf;1;A1;0.5;7164;263;19.9;21.0;213.0;8.3;36;37164;VERIFIED;7;0.006;1.914;0.0249;1.945
z|5|2.pdf;1;A1;0.5;8554;179;44.7;45.8;233.0;14.9;32;26122;VERIFIED;15;0.0131;1.667;0.0447;1.724
z|4|Badskon 2.pdf;36;A1;17.111;545587;15363;876.1;885.0;1305.0;133.2;15;12146;NONE;0;0.2526;0.781;0.3995;1.433
TOFTASKOLAN HUS B|V-57.1-01.pdf;1;A1;0.5;26135;344;143.1;144.4;270.0;9.5;24;23210;VERIFIED;25;0.0412;1.268;0.0285;1.338
z|9|9.pdf;1;A1;0.5;19543;281;92.4;93.7;260.0;17.9;19;15383;VERIFIED;28;0.0267;0.989;0.0537;1.069
src|07 - Arildssons Rör - Ghostscript 9.21|Bläckhornet.pdf;1;A0+;3.0;75164;2561;182.0;183.5;481.0;42.1;15;12498;VERIFIED;35;0.0524;0.782;0.1262;0.961
z|9|8.pdf;1;A1;0.5;11455;178;18.2;19.4;216.0;8.8;17;14363;VERIFIED;9;0.0055;0.888;0.0263;0.92
Rundstickan|V-50-1-B0222.pdf;1;A1;0.5;10901;308;38.2;39.2;233.0;9.0;15;14086;TEXT_ONLY;15;0.0112;0.79;0.027;0.829
V-50-1-A0521;1;A1;0.5;9740;415;13.4;14.5;231.0;8.3;15;13202;VERIFIED;12;0.0041;0.786;0.0249;0.815
test|V-50-1-A0521.pdf;1;A1;0.5;9611;317;13.4;14.4;229.0;7.6;15;13202;VERIFIED;12;0.0041;0.786;0.0229;0.813
Rundstickan|V-50-1-B0322.pdf;1;A1;0.5;10416;298;13.5;14.5;232.0;8.1;14;12691;VERIFIED;14;0.0041;0.735;0.0244;0.764
V-50-1-B0122;1;A1;0.5;14771;1044;24.0;25.3;251.0;17.4;13;12732;VERIFIED;31;0.0072;0.688;0.0521;0.747
test|V-50-1-B0122.pdf;1;A1;0.5;13826;397;23.8;24.8;245.0;13.2;13;12732;VERIFIED;31;0.0071;0.688;0.0397;0.734
Ritningar|V50-1-0824 - Plan B2, Del 24, Värme & Sanitäranlägg-.pdf;1;A1;0.5;8966;203;14.8;16.0;202.0;9.2;13;10556;VERIFIED;6;0.0046;0.677;0.0277;0.709
TOFTASKOLAN HUS B|V-57.1-02.pdf;1;A1;0.5;22978;438;74.1;75.4;262.0;14.3;12;11754;VERIFIED;8;0.0215;0.635;0.0429;0.699
z|9|7.pdf;1;A1;0.5;20000;291;101.2;102.5;286.0;23.5;11;9231;VERIFIED;34;0.0293;0.574;0.0706;0.674
W-50-1-A0113;1;A1;0.5;34968;762;72.8;74.5;317.0;15.6;11;10535;CONFLICT;39;0.0213;0.581;0.0469;0.649
V-50-1-A0412;1;A1;0.5;15013;727;21.3;22.4;245.0;13.3;11;9649;VERIFIED;19;0.0064;0.576;0.0398;0.622
z|2|V-50-1-A0412.pdf;1;A1;0.5;14464;356;20.1;21.3;244.0;10.8;11;9649;VERIFIED;19;0.0061;0.576;0.0324;0.615
W-50-1-A0131;1;A1;0.5;36718;595;52.0;53.6;310.0;13.3;10;9361;CONFLICT;16;0.0153;0.527;0.0398;0.582
V-50-1-A0124;1;A1;0.5;11734;891;22.3;23.4;238.0;12.7;10;8995;VERIFIED;19;0.0067;0.525;0.0382;0.57
test|V-50-1-A0124.pdf;1;A1;0.5;11010;357;21.5;22.6;236.0;9.1;10;8995;VERIFIED;19;0.0064;0.525;0.0274;0.559
Priorn|V-50-1-A0301.pdf;1;A1;0.5;26006;495;97.2;92.7;286.0;9.3;9;7877;TEXT_ONLY;1;0.0265;0.471;0.0279;0.526
Priorn|V-50-1-A0102.pdf;1;A1;0.5;18766;396;59.5;53.8;261.0;10.0;9;8403;VERIFIED;4;0.0154;0.474;0.03;0.519
Rundstickan|V-50-1-B0214.pdf;1;A1;0.5;10379;284;12.9;13.9;228.0;6.7;9;8796;VERIFIED;13;0.004;0.476;0.02;0.5
z|13|1760288_1.pdf;1;A1;0.5;12636;374;15.1;16.4;228.0;7.2;9;7304;VERIFIED;14;0.0047;0.469;0.0217;0.495
SJÄLVSTYRELSEGÅRDEN|V-520-1-010-100.pdf;1;A1;0.5;51421;571;138.8;140.5;362.0;10.9;8;6985;CONFLICT;0;0.0401;0.419;0.0326;0.492
z|5|4.pdf;1;A1;0.5;17002;300;121.2;122.4;245.0;10.7;8;6723;VERIFIED;23;0.0349;0.418;0.032;0.485
V-50-1-A0122;1;A1;0.5;24389;752;46.4;47.7;281.0;14.3;8;7430;VERIFIED;23;0.0136;0.421;0.043;0.478
W-50-1-A0114;1;A1;0.5;32446;604;48.7;50.3;308.0;13.6;8;7567;CONFLICT;25;0.0144;0.422;0.0409;0.477
W-50-1-A0124;1;A1;0.5;33366;585;42.1;43.7;307.0;13.2;8;7458;CONFLICT;19;0.0125;0.421;0.0396;0.473
z|2|V-50-1-A0122.pdf;1;A1;0.5;24050;513;43.3;44.8;280.0;12.7;8;7430;VERIFIED;23;0.0128;0.421;0.0381;0.472
test|duzo-blisko.pdf;1;A1;0.5;30441;558;30.2;31.7;301.0;12.7;8;7503;CONFLICT;22;0.009;0.422;0.0382;0.469
W-50-1-A0134;1;A1;0.5;30441;573;28.9;30.3;302.0;12.6;8;7503;CONFLICT;22;0.0086;0.422;0.0379;0.468
V-50-1-A0212;1;A1;0.5;14907;762;20.3;21.4;245.0;12.3;8;6886;VERIFIED;25;0.0061;0.418;0.0368;0.461
W-50-1-A0111;1;A1;0.5;45042;780;123.9;125.7;346.0;18.4;7;6791;CONFLICT;34;0.0359;0.37;0.0553;0.461
test|V-50-1-A0212.pdf;1;A1;0.5;14316;368;18.3;19.4;244.0;9.7;8;6886;VERIFIED;25;0.0055;0.418;0.029;0.453
V-50-1-A0411;1;A1;0.5;10689;455;12.8;13.8;231.0;7.6;8;6884;VERIFIED;12;0.0039;0.418;0.0227;0.445
SJÄLVSTYRELSEGÅRDEN|V-500-1-010-130.pdf;1;A1;0.5;30369;437;178.3;179.7;296.0;9.0;7;5971;CONFLICT;0;0.0513;0.366;0.0269;0.444
test|V-50-1-A0411.pdf;1;A1;0.5;10452;294;12.1;13.2;230.0;6.4;8;6884;VERIFIED;12;0.0038;0.418;0.0193;0.442
V-50-1-A0512;1;A1;0.5;13875;779;18.9;20.1;245.0;12.3;7;6352;VERIFIED;22;0.0057;0.368;0.0369;0.41
Priorn|V-50-1-A0201.pdf;1;A1;0.5;18442;398;56.4;57.2;260.0;7.1;7;6152;TEXT_ONLY;3;0.0163;0.367;0.0213;0.404
test|V-50-1-A0512.pdf;1;A1;0.5;13212;338;18.5;19.6;244.0;9.4;7;6352;VERIFIED;22;0.0056;0.368;0.0283;0.402
Ritningar|R9UHA10-CLB001-003.pdf;1;A1;0.5;19116;337;19.8;21.0;244.0;7.7;7;6510;CONFLICT;2;0.006;0.369;0.023;0.398
SJÄLVSTYRELSEGÅRDEN|V-570-1-010-100.pdf;1;A1;0.5;83252;1704;1193.2;1195.5;470.0;18.8;0;0;CONFLICT;0;0.3412;0.0;0.0565;0.398
z|5|6.pdf;1;A1;0.5;12182;264;37.7;38.9;232.0;7.3;7;5570;VERIFIED;11;0.0111;0.364;0.022;0.397
z|3|7.pdf;1;A3;0.125;13727;170;20.1;21.3;219.0;6.1;7;5655;VERIFIED;7;0.0061;0.364;0.0184;0.389
SJÄLVSTYRELSEGÅRDEN|V-500-1-010-110.pdf;1;A1;0.5;27968;476;103.6;105.0;292.0;9.7;6;5110;CONFLICT;0;0.03;0.314;0.0292;0.373
z|5|25.pdf;1;A1;0.5;36072;443;1223.7;1225.0;365.0;7.3;0;0;VERIFIED;0;0.3496;0.0;0.0218;0.371
W-50-1-A0123;1;A1;0.5;28742;531;30.5;32.0;292.0;10.9;6;5838;CONFLICT;23;0.0091;0.317;0.0328;0.359
src|01 - AutoCAD - pdfplot14-16 - Ghostscript 9.21|V-50-1-A0101.pdf;1;A1;0.5;19894;430;60.9;61.9;267.0;8.6;6;5445;TEXT_ONLY;8;0.0177;0.315;0.0259;0.359
W-50-1-A0132;1;A1;0.5;33091;635;66.4;68.1;313.0;15.2;5;4620;CONFLICT;25;0.0194;0.263;0.0456;0.328
W-50-1-A0121;1;A1;0.5;28796;524;30.9;32.4;292.0;10.7;5;4726;CONFLICT;24;0.0092;0.264;0.0321;0.305
V-50-1-A0522;1;A1;0.5;11914;640;18.2;19.3;238.0;11.3;5;4326;VERIFIED;21;0.0055;0.262;0.0338;0.301
test|V-50-1-A0522.pdf;1;A1;0.5;11512;361;17.8;18.8;238.0;9.4;5;4326;VERIFIED;21;0.0054;0.262;0.0282;0.295
src|06 - PO Andersson - Ghostscript 9.21|Badskon 1.pdf;1;A3;0.125;13783;264;28.1;29.2;222.0;8.0;5;3989;VERIFIED;3;0.0083;0.26;0.0241;0.292
z|3|3.pdf;1;A3;0.125;13758;168;31.7;32.6;221.0;7.3;5;3989;VERIFIED;5;0.0093;0.26;0.022;0.291
z|3|5.pdf;1;A3;0.125;13658;165;26.2;27.5;221.0;6.1;5;4031;VERIFIED;2;0.0078;0.26;0.0184;0.286
Priorn|V-50-1-A0302.pdf;1;A1;0.5;17092;394;52.4;53.0;258.0;8.1;4;3463;TEXT_ONLY;3;0.0151;0.209;0.0244;0.249
z|13|1760282_1.pdf;1;A1;0.5;18195;464;22.6;24.0;247.0;8.0;4;3172;VERIFIED;11;0.0068;0.208;0.024;0.239
SJÄLVSTYRELSEGÅRDEN|V-570-1-010-130.pdf;1;A1;0.5;50534;1679;646.4;648.2;377.0;17.2;0;0;CONFLICT;0;0.185;0.0;0.0517;0.237
Rundstickan|V-50-1-B0323.pdf;1;A1;0.5;9157;248;8.9;9.7;222.0;4.6;4;3746;VERIFIED;1;0.0028;0.211;0.0138;0.227
z|9|12.pdf;1;A1;0.5;14796;207;17.1;18.3;223.0;3.2;4;3229;VERIFIED;5;0.0052;0.208;0.0097;0.223
W-50-1-A0122;1;A1;0.5;31439;579;47.5;49.1;302.0;15.8;3;2815;CONFLICT;24;0.014;0.158;0.0474;0.22
V-50-1-A0112;1;A1;0.5;13277;754;21.8;23.1;242.0;12.5;3;2760;VERIFIED;30;0.0066;0.158;0.0374;0.202
TOFTASKOLAN HUS B|11.4 Teknisk beskrivning VVS.pdf;96;A3;6.3;21075;6747;71.6;73.3;535.0;60.5;0;0;FROM_THE_SET;0;0.0209;0.0;0.1816;0.202
V-50-1-A0123;1;A1;0.5;13636;714;20.8;21.9;244.0;12.3;3;2809;VERIFIED;25;0.0062;0.158;0.0368;0.201
SJÄLVSTYRELSEGÅRDEN|V-500-1-010-100.pdf;1;A1;0.5;61757;709;502.2;504.1;394.0;18.8;0;0;CONFLICT;0;0.1439;0.0;0.0565;0.2
test|V-50-1-A0112.pdf;1;A1;0.5;12686;366;20.5;21.6;239.0;9.9;3;2760;VERIFIED;30;0.0062;0.158;0.0296;0.194
z|2|V-50-1-A0123.pdf;1;A1;0.5;13123;366;20.0;21.3;242.0;9.9;3;2809;VERIFIED;25;0.0061;0.158;0.0298;0.194
V-50-1-A0312;1;A1;0.5;13938;596;17.1;18.3;242.0;9.5;3;2597;VERIFIED;16;0.0052;0.157;0.0285;0.191
src|00 - skalstockar|V-50-1-A0001.pdf;1;A1;0.5;18995;463;43.0;44.1;261.0;7.0;3;2618;TEXT_ONLY;5;0.0126;0.157;0.021;0.191
Priorn|V-50-1-A0001.pdf;1;A1;0.5;18995;397;42.5;42.3;260.0;7.0;3;2618;TEXT_ONLY;5;0.0121;0.157;0.0209;0.19
Priorn|V-50-1-A0202.pdf;1;A1;0.5;17543;377;47.6;47.7;256.0;6.4;3;2621;TEXT_ONLY;6;0.0136;0.157;0.0191;0.19
z|13|1760291_1.pdf;1;A1;0.5;16753;465;19.9;21.3;249.0;9.1;3;2426;VERIFIED;12;0.0061;0.156;0.0274;0.19
V-50-1-A0421;1;A1;0.5;10776;427;14.2;15.3;233.0;8.7;3;2578;VERIFIED;10;0.0044;0.157;0.0261;0.187
Rundstickan|V-52-1-A0122.pdf;1;A1;0.5;20177;414;21.7;22.7;265.0;8.1;3;2520;VERIFIED;9;0.0065;0.157;0.0243;0.187
test|V-50-1-A0421.pdf;1;A1;0.5;10674;348;14.2;15.1;233.0;8.1;3;2578;VERIFIED;10;0.0043;0.157;0.0243;0.186
test|V-50-1-A0312.pdf;1;A1;0.5;13518;317;15.4;16.5;241.0;7.7;3;2597;VERIFIED;16;0.0047;0.157;0.023;0.185
Rundstickan|V-50-1-B0123.pdf;1;A1;0.5;8585;263;10.7;11.6;224.0;5.5;3;3341;VERIFIED;15;0.0033;0.161;0.0164;0.18
V-50-1-A0523;1;A1;0.5;7708;400;9.8;10.8;222.0;6.0;3;2659;VERIFIED;9;0.0031;0.157;0.0181;0.178
test|V-50-1-A0523.pdf;1;A1;0.5;7549;283;9.8;10.8;222.0;5.2;3;2659;VERIFIED;9;0.0031;0.157;0.0156;0.176
z|13|1760301_1.pdf;1;A1;0.5;7672;260;8.2;9.4;207.0;4.3;3;2445;VERIFIED;4;0.0027;0.156;0.0128;0.172
SJÄLVSTYRELSEGÅRDEN|V-570-1-010-110.pdf;1;A1;0.5;43190;1188;426.1;427.8;340.0;15.7;0;0;CONFLICT;0;0.1221;0.0;0.047;0.169
z|6|R1502-D.pdf;1;A1;0.5;26594;722;91.8;93.6;434.0;41.6;0;0;BAR_ONLY;1;0.0267;0.0;0.1249;0.152
W-50-1-A0133;1;A1;0.5;25980;508;22.5;23.8;288.0;10.8;2;1878;CONFLICT;33;0.0068;0.105;0.0323;0.145
V-50-1-A0322;1;A1;0.5;13219;611;17.4;18.5;240.0;10.3;2;1762;VERIFIED;13;0.0053;0.105;0.0308;0.141
W-50-1-A0222;1;A1;0.5;27157;501;23.7;24.9;291.0;9.4;2;1833;BAR_ONLY;20;0.0071;0.105;0.0281;0.14
V-50-1-A0422;1;A1;0.5;10122;527;14.6;15.7;233.0;9.3;2;1768;VERIFIED;13;0.0045;0.105;0.0278;0.137
SJÄLVSTYRELSEGÅRDEN|V-520-1-010-110.pdf;1;A1;0.5;22645;373;51.7;53.1;270.0;5.8;2;1740;CONFLICT;0;0.0152;0.105;0.0175;0.137
z|13|1760285_1.pdf;1;A1;0.5;18033;474;25.0;26.4;246.0;8.2;2;1621;VERIFIED;11;0.0075;0.104;0.0245;0.136
test|V-50-1-A0322.pdf;1;A1;0.5;12838;350;15.8;17.0;238.0;8.6;2;1762;VERIFIED;13;0.0049;0.105;0.0257;0.135
z|6|R1302.pdf;1;A1;0.5;30865;855;106.2;108.2;403.0;34.4;0;0;BAR_ONLY;3;0.0309;0.0;0.1032;0.134
test|V-50-1-A0422.pdf;1;A1;0.5;9837;332;14.4;15.5;231.0;7.9;2;1768;VERIFIED;13;0.0044;0.105;0.0238;0.133
z|13|1760283_1.pdf;1;A1;0.5;13188;371;17.0;18.3;229.0;7.1;2;1631;VERIFIED;5;0.0052;0.104;0.0213;0.131
z|13|1760314_1.pdf;1;A1;0.5;5707;158;8.7;9.8;196.0;8.0;2;1622;VERIFIED;1;0.0028;0.104;0.024;0.131
z|6|R1502.pdf;1;A1;0.5;25673;857;81.2;83.3;440.0;35.7;0;0;BAR_ONLY;1;0.0238;0.0;0.1071;0.131
z|13|1760316_1.pdf;1;A1;0.5;4365;151;7.4;8.5;189.0;6.8;2;1622;VERIFIED;1;0.0024;0.104;0.0203;0.127
z|13|1760286_1.pdf;1;A1;0.5;12656;348;14.7;15.9;224.0;5.5;2;1630;VERIFIED;6;0.0045;0.104;0.0166;0.125
V-50-1-A0511;1;A1;0.5;9225;358;10.1;11.1;226.0;5.5;2;1740;VERIFIED;8;0.0032;0.105;0.0164;0.124
S3_25.pdf;1;A1;0.5;11549;231;12.1;12.9;224.0;5.1;2;1634;VERIFIED;3;0.0037;0.104;0.0153;0.123
test|V-50-1-A0511.pdf;1;A1;0.5;9129;283;10.2;11.2;226.0;4.9;2;1740;VERIFIED;8;0.0032;0.105;0.0146;0.123
z|13|1760313_1.pdf;1;A1;0.5;7229;249;9.2;10.4;204.0;4.4;2;1632;VERIFIED;8;0.003;0.104;0.0131;0.12
z|13|1760315_1.pdf;1;A1;0.5;2727;132;5.2;6.2;181.0;3.9;2;1622;VERIFIED;1;0.0018;0.104;0.0118;0.118
z|6|R1402-D.pdf;1;A1;0.5;22140;654;77.7;79.4;368.0;31.5;0;0;BAR_ONLY;2;0.0227;0.0;0.0945;0.117
Ritningar|R9UHA10-CLB001-001.pdf;1;A1;0.5;25752;392;35.3;36.6;262.0;8.5;1;924;VERIFIED;2;0.0104;0.053;0.0254;0.089
W-50-1-A0221;1;A1;0.5;27105;496;31.1;32.3;290.0;8.8;1;947;BAR_ONLY;10;0.0092;0.053;0.0263;0.088
z|13|1760284_1.pdf;1;A1;0.5;13013;362;18.3;19.6;229.0;10.3;1;802;VERIFIED;0;0.0056;0.052;0.0308;0.088
z|4|6.pdf;1;A1;0.5;24599;1875;53.8;55.3;265.0;23.3;0;0;VERIFIED;7;0.0158;0.0;0.0699;0.086
z|5|24.pdf;1;A1;0.5;14586;237;101.8;103.0;280.0;17.7;0;0;VERIFIED;1;0.0294;0.0;0.0532;0.083
z|13|1760303_1.pdf;1;A1;0.5;14491;417;17.3;18.7;238.0;8.2;1;805;VERIFIED;12;0.0053;0.052;0.0247;0.082
V-50-1-A0321;1;A1;0.5;10857;374;15.1;16.1;234.0;7.8;1;885;VERIFIED;8;0.0046;0.052;0.0233;0.08
z|13|1760297_1.pdf;1;A1;0.5;14252;419;16.1;17.5;237.0;7.8;1;805;VERIFIED;11;0.005;0.052;0.0234;0.08
z|6|R1402.pdf;1;A1;0.5;32385;916;57.1;59.1;410.0;21.1;0;0;BAR_ONLY;4;0.0169;0.0;0.0633;0.08
test|V-50-1-A0321.pdf;1;A1;0.5;10791;316;14.3;15.3;232.0;7.4;1;885;VERIFIED;8;0.0044;0.052;0.0221;0.079
D;1;A1;0.5;20873;329;23.3;24.7;281.0;6.1;1;946;BAR_ONLY;11;0.007;0.053;0.0182;0.078
test|W-50-1-AAA-0013.pdf;1;A1;0.5;20873;336;23.8;25.1;280.0;6.1;1;946;BAR_ONLY;11;0.0072;0.053;0.0184;0.078
z|9|11.pdf;1;A1;0.5;24671;376;145.8;147.2;274.0;11.3;0;0;TEXT_ONLY;22;0.042;0.0;0.034;0.076
z|13|1760292_1.pdf;1;A1;0.5;12565;366;12.1;13.4;227.0;6.3;1;816;VERIFIED;6;0.0038;0.052;0.0189;0.075
z|13|1760300_1.pdf;1;A1;0.5;11588;349;13.6;14.9;225.0;6.2;1;805;VERIFIED;10;0.0043;0.052;0.0185;0.075
z|13|1760306_1.pdf;1;A1;0.5;11241;339;14.3;15.5;223.0;6.0;1;805;VERIFIED;10;0.0044;0.052;0.0181;0.075
z|13|1760294_1.pdf;1;A1;0.5;11519;349;13.2;14.4;223.0;6.1;1;805;VERIFIED;10;0.0041;0.052;0.0182;0.074
z|13|1760304_1.pdf;1;A1;0.5;9105;297;11.9;13.1;215.0;5.6;1;816;VERIFIED;7;0.0037;0.052;0.0167;0.072
z|13|1760298_1.pdf;1;A1;0.5;9162;312;9.0;10.2;217.0;5.3;1;816;VERIFIED;4;0.0029;0.052;0.0159;0.071
z|13|1760310_1.pdf;1;A1;0.5;8484;284;11.0;12.3;211.0;5.1;1;816;VERIFIED;9;0.0035;0.052;0.0153;0.071
Rundstickan|V-50-6-B0123.pdf;1;A1;0.5;9172;270;8.8;9.9;222.0;4.5;1;930;VERIFIED;0;0.0028;0.053;0.0136;0.069
z|13|1760269_1.pdf;1;A1;0.5;5775;198;8.9;10.0;195.0;4.0;1;809;VERIFIED;3;0.0029;0.052;0.0119;0.067
z|13|1760295_1.pdf;1;A1;0.5;7439;260;10.2;11.4;207.0;3.9;1;816;VERIFIED;4;0.0033;0.052;0.0117;0.067
z|13|1760307_1.pdf;1;A1;0.5;6723;241;10.9;12.1;203.0;4.0;1;816;VERIFIED;3;0.0035;0.052;0.012;0.067
z|13|1760271_1.pdf;1;A1;0.5;3056;152;5.0;6.1;184.0;3.0;1;809;VERIFIED;4;0.0017;0.052;0.0091;0.063
src|05 - Bengt Dahlgren - Ghostscript 9.21|Löpöglan 2.pdf;1;A1;0.5;27366;878;65.2;66.5;277.0;13.5;0;0;VERIFIED;9;0.019;0.0;0.0405;0.06
SJÄLVSTYRELSEGÅRDEN|V-530-1-010-100.pdf;1;A1;0.5;51780;562;127.0;128.7;353.0;7.8;0;0;CONFLICT;0;0.0367;0.0;0.0233;0.06
z|5|9.pdf;1;A1;0.5;9489;228;24.6;25.8;247.0;16.8;0;0;VERIFIED;1;0.0074;0.0;0.0505;0.058
W-50-1-A0211;1;A1;0.5;22365;424;24.1;25.3;279.0;16.6;0;0;BAR_ONLY;9;0.0072;0.0;0.0497;0.057
W-50-1-A0213;1;A1;0.5;25774;502;25.5;26.8;286.0;12.6;0;0;BAR_ONLY;15;0.0076;0.0;0.0377;0.045
A;1;A1;0.5;25225;456;62.4;63.9;280.0;8.4;0;0;BAR_ONLY;15;0.0182;0.0;0.0253;0.044
src|04 - VVS Konsulterna - Revit - Bluebeam Brewery 5.0|V50-1-0842 - Plan B2, De;1;A1;0.5;15369;271;26.8;27.6;223.0;12.1;0;0;VERIFIED;14;0.0079;0.0;0.0362;0.044
W-50-1-A0011;1;A1;0.5;25225;456;60.7;61.9;280.0;8.4;0;0;BAR_ONLY;15;0.0177;0.0;0.0253;0.043
TOFTASKOLAN HUS B|V-50-1-020.pdf;1;A1;0.5;14159;387;62.6;63.8;243.0;8.3;0;0;VERIFIED;3;0.0182;0.0;0.0249;0.043
z|5|7.pdf;1;A1;0.5;15570;313;68.6;69.9;248.0;7.3;0;0;VERIFIED;10;0.0199;0.0;0.0219;0.042
test|W-50-1-AAA-0011.pdf;1;A1;0.5;25231;640;37.3;38.6;280.0;9.1;0;0;BAR_ONLY;13;0.011;0.0;0.0274;0.038
W-50-1-A0214;1;A1;0.5;26483;504;34.4;35.6;285.0;9.0;0;0;BAR_ONLY;7;0.0102;0.0;0.0269;0.037
z|13|1760274_1.pdf;1;A1;0.5;17717;486;20.8;22.1;248.0;10.0;0;0;VERIFIED;32;0.0063;0.0;0.0299;0.036
S2_plan09_del42.pdf;1;A1;0.5;10570;191;12.6;13.5;208.0;9.6;0;0;VERIFIED;6;0.0039;0.0;0.0289;0.033
z|13|1760279_1.pdf;1;A1;0.5;17189;444;25.4;26.8;245.0;8.3;0;0;VERIFIED;9;0.0076;0.0;0.0249;0.033
SJÄLVSTYRELSEGÅRDEN|V-520-1-010-130.pdf;1;A1;0.5;24949;378;54.0;55.4;275.0;5.3;0;0;CONFLICT;0;0.0158;0.0;0.016;0.032
SJÄLVSTYRELSEGÅRDEN|V-530-1-010-130.pdf;1;A1;0.5;24401;364;62.2;63.6;272.0;4.5;0;0;CONFLICT;0;0.0182;0.0;0.0134;0.032
z|13|1760309_1.pdf;1;A1;0.5;14023;397;18.6;19.9;236.0;8.2;0;0;VERIFIED;14;0.0057;0.0;0.0246;0.03
src|12 - video drawings|1760318_1.pdf;1;A1;0.5;8924;189;18.9;19.9;202.0;7.8;0;0;VERIFIED;1;0.0057;0.0;0.0233;0.029
z|9|78.pdf;1;A1;0.5;17369;256;58.7;59.9;233.0;4.0;0;0;VERIFIED;3;0.0171;0.0;0.012;0.029
SJÄLVSTYRELSEGÅRDEN|V-530-1-010-110.pdf;1;A1;0.5;22824;365;49.3;50.7;272.0;4.9;0;0;CONFLICT;0;0.0145;0.0;0.0146;0.029
W-50-1-A0112;1;A1;0.5;20663;414;18.5;20.0;269.0;7.3;0;0;CONFLICT;5;0.0057;0.0;0.022;0.028
V-50-1-A0222;1;A1;0.5;10454;480;14.1;15.2;234.0;7.5;0;0;VERIFIED;5;0.0043;0.0;0.0224;0.027
TOFTASKOLAN HUS B|V-53-1-020.pdf;1;A1;0.5;11934;339;21.7;22.9;235.0;6.7;0;0;VERIFIED;1;0.0065;0.0;0.0201;0.027
TOFTASKOLAN HUS B|V-57.1-02-DEM.pdf;1;A3;0.125;3082;152;13.0;14.1;197.0;7.6;0;0;NONE;0;0.004;0.0;0.0228;0.027
TOFTASKOLAN HUS B|V-57.2-001.pdf;1;A1;0.5;8750;207;23.7;24.8;211.0;6.8;0;0;TEXT_ONLY;6;0.0071;0.0;0.0203;0.027
Priorn|V-53-1-A0101.pdf;1;A1;0.5;15337;342;38.1;39.0;248.0;5.0;0;0;TEXT_ONLY;4;0.0111;0.0;0.0149;0.026
Priorn|V-56-1-A0102.pdf;1;A1;0.5;10223;362;41.7;42.5;238.0;4.5;0;0;CONFLICT;0;0.0121;0.0;0.0136;0.026
Ritningar|V50-1-0821 - Plan B2, Del 21, Värme & Sanitäranlägg-.pdf;1;A1;0.5;9004;186;10.9;12.0;200.0;7.6;0;0;VERIFIED;16;0.0034;0.0;0.0227;0.026
Ritningar|V50-1-0822 - Plan B2, Del 22, Värme & Sanitäranlägg-.pdf;1;A1;0.5;7336;177;10.9;12.0;196.0;7.4;0;0;VERIFIED;17;0.0034;0.0;0.0222;0.026
z|4|22.pdf;1;A1;0.5;13303;281;17.6;18.8;246.0;6.9;0;0;VERIFIED;4;0.0054;0.0;0.0206;0.026
V-50-1-A0111;1;A1;0.5;9621;517;11.6;12.9;229.0;7.2;0;0;VERIFIED;6;0.0037;0.0;0.0216;0.025
src|01 - AutoCAD - pdfplot14-16 - Ghostscript 9.21|10.pdf;1;A1;0.5;13392;256;17.6;18.1;216.0;6.7;0;0;VERIFIED;16;0.0052;0.0;0.0201;0.025
z|5|5.pdf;1;A1;0.5;9911;203;32.4;33.5;210.0;5.1;0;0;VERIFIED;15;0.0096;0.0;0.0154;0.025
V-50-1-A0121;1;A1;0.5;13195;389;14.3;15.4;240.0;6.4;0;0;VERIFIED;12;0.0044;0.0;0.0192;0.024
Priorn|V-53-1-A0102.pdf;1;A1;0.5;15523;333;32.9;33.8;245.0;4.8;0;0;VERIFIED;3;0.0096;0.0;0.0144;0.024
test|V-50-1-A0222.pdf;1;A1;0.5;10265;340;14.1;15.1;234.0;6.5;0;0;VERIFIED;5;0.0043;0.0;0.0194;0.024
z|5|8.pdf;1;A1;0.5;13434;318;30.6;31.8;237.0;4.9;0;0;VERIFIED;0;0.0091;0.0;0.0148;0.024
z|13|1760273_1.pdf;1;A1;0.5;7287;312;11.4;12.6;212.0;6.8;0;0;VERIFIED;1;0.0036;0.0;0.0203;0.024
Priorn|V-56-1-A0101.pdf;1;A1;0.5;10339;364;31.2;32.1;239.0;4.7;0;0;VERIFIED;0;0.0092;0.0;0.014;0.023
src|00 - skalstockar|R9UHA10-CLB001-004.pdf;1;A1;0.5;18186;327;34.2;35.3;238.0;4.5;0;0;VERIFIED;0;0.0101;0.0;0.0134;0.023
TOFTASKOLAN HUS B|V-57.1-03.pdf;1;A1;0.5;8023;222;10.8;12.0;212.0;6.4;0;0;VERIFIED;10;0.0034;0.0;0.0193;0.023
z|5|3.pdf;1;A1;0.5;8975;188;28.0;29.2;209.0;4.8;0;0;VERIFIED;8;0.0083;0.0;0.0144;0.023
z|13|1760280_1.pdf;1;A1;0.5;12091;353;17.4;18.7;227.0;6.0;0;0;VERIFIED;4;0.0053;0.0;0.0181;0.023
z|13|1760281_1.pdf;1;A1;0.5;13357;377;17.3;18.6;232.0;6.1;0;0;VERIFIED;3;0.0053;0.0;0.0182;0.023
z|4|9.pdf;1;A1;0.5;13377;279;17.0;18.2;248.0;5.9;0;0;VERIFIED;2;0.0052;0.0;0.0177;0.023
V-50-1-B0114;1;A1;0.5;9816;393;10.5;11.6;226.0;6.1;0;0;VERIFIED;10;0.0033;0.0;0.0183;0.022
test|V-50-1-A0121.pdf;1;A1;0.5;13099;323;14.0;15.1;240.0;6.0;0;0;VERIFIED;12;0.0043;0.0;0.0179;0.022
Ritningar|V50-1-0841 - Plan B2, Del 41, Värme & Sanitäranlägg-.pdf;1;A1;0.5;17879;243;12.4;13.6;216.0;6.1;0;0;VERIFIED;11;0.0039;0.0;0.0182;0.022
z|13|1760278_1.pdf;1;A1;0.5;9431;319;15.5;16.8;218.0;5.6;0;0;VERIFIED;3;0.0048;0.0;0.0168;0.022
z|13|1760302_1.pdf;1;A1;0.5;8942;316;12.2;13.6;220.0;6.0;0;0;VERIFIED;3;0.0039;0.0;0.018;0.022
E;1;A1;0.5;18878;305;16.8;18.3;270.0;5.3;0;0;BAR_ONLY;5;0.0052;0.0;0.016;0.021
V-50-1-A0223;1;A1;0.5;9367;406;12.1;12.9;229.0;5.7;0;0;VERIFIED;2;0.0037;0.0;0.0171;0.021
V-50-1-A0311;1;A1;0.5;10410;376;11.8;12.8;230.0;5.9;0;0;VERIFIED;4;0.0037;0.0;0.0176;0.021
V-50-1-A0423;1;A1;0.5;8081;373;10.4;11.4;224.0;5.9;0;0;VERIFIED;7;0.0033;0.0;0.0177;0.021
W-50-1-A0024;1;A1;0.5;19043;303;15.9;17.3;272.0;5.2;0;0;BAR_ONLY;5;0.0049;0.0;0.0157;0.021
src|03 - Sweco - AutoCAD 2023 - pdfplot16 - Hairline|R9UHA10-CLB001-002.pdf;1;A1;0.5;18901;320;28.2;29.2;239.0;4.2;0;0;VERIFIED;0;0.0083;0.0;0.0127;0.021
test|V-50-1-A0111.pdf;1;A1;0.5;9321;311;11.7;12.8;228.0;5.8;0;0;VERIFIED;6;0.0037;0.0;0.0173;0.021
test|W-50-1-ADD-0024.pdf;1;A1;0.5;19043;309;16.7;17.9;270.0;5.3;0;0;BAR_ONLY;5;0.0051;0.0;0.0159;0.021
z|3|10.pdf;1;A3;0.125;12272;147;21.9;22.8;212.0;4.7;0;0;VERIFIED;0;0.0065;0.0;0.0141;0.021
V-50-1-A0211;1;A1;0.5;9774;361;10.6;11.6;226.0;5.5;0;0;VERIFIED;2;0.0033;0.0;0.0165;0.02
V-50-1-A0323;1;A1;0.5;9241;378;10.4;11.4;226.0;5.6;0;0;VERIFIED;3;0.0033;0.0;0.0169;0.02
W-50-1-A0021;1;A1;0.5;18196;296;14.0;15.4;267.0;5.1;0;0;BAR_ONLY;5;0.0044;0.0;0.0152;0.02
W-50-1-A0031;1;A1;0.5;18696;300;23.8;25.2;270.0;4.2;0;0;BAR_ONLY;0;0.0072;0.0;0.0127;0.02
test|W-50-1-AEE-0021.pdf;1;A1;0.5;18196;303;14.6;15.8;268.0;5.1;0;0;BAR_ONLY;5;0.0045;0.0;0.0154;0.02
z|13|1760290_1.pdf;1;A1;0.5;11930;378;13.6;14.9;234.0;5.1;0;0;VERIFIED;0;0.0043;0.0;0.0154;0.02
z|4|24.pdf;1;A1;0.5;13392;249;10.4;11.6;217.0;5.5;0;0;VERIFIED;5;0.0033;0.0;0.0166;0.02
V-50-1-A0221;1;A1;0.5;9800;324;11.6;12.6;226.0;5.1;0;0;VERIFIED;5;0.0036;0.0;0.0152;0.019
Priorn|V-50-1-A0401.pdf;1;A1;0.5;11303;295;21.3;22.1;233.0;4.4;0;0;TEXT_ONLY;5;0.0063;0.0;0.0131;0.019
Priorn|V-53-1-A0001.pdf;1;A1;0.5;13968;308;21.6;22.5;241.0;4.1;0;0;VERIFIED;2;0.0064;0.0;0.0123;0.019
test|V-50-1-A0311.pdf;1;A1;0.5;10302;290;11.1;12.1;230.0;5.2;0;0;VERIFIED;4;0.0035;0.0;0.0157;0.019
test|V-50-1-A0423.pdf;1;A1;0.5;7940;271;9.8;10.9;224.0;5.2;0;0;VERIFIED;7;0.0031;0.0;0.0156;0.019
test|V-50-1-B0114.pdf;1;A1;0.5;9642;268;9.9;10.8;224.0;5.2;0;0;VERIFIED;10;0.0031;0.0;0.0157;0.019
Ritningar|V50-1-0832 - Plan B2, Del 32, Värme & Sanitäranlägg-.pdf;1;A1;0.5;12151;210;10.4;11.6;202.0;5.3;0;0;VERIFIED;7;0.0033;0.0;0.0159;0.019
z|13|1760308_1.pdf;1;A1;0.5;7681;280;11.3;12.5;214.0;5.2;0;0;VERIFIED;2;0.0036;0.0;0.0155;0.019
V-50-1-B0112;1;A1;0.5;8532;366;8.6;9.6;222.0;5.1;0;0;VERIFIED;7;0.0027;0.0;0.0153;0.018
W-50-1-A0022;1;A1;0.5;17549;289;19.7;21.1;268.0;4.0;0;0;BAR_ONLY;0;0.006;0.0;0.012;0.018
W-50-1-A0023;1;A1;0.5;17571;290;19.9;21.2;265.0;4.1;0;0;BAR_ONLY;0;0.0061;0.0;0.0123;0.018
W-50-1-A0032;1;A1;0.5;17638;272;12.5;13.9;260.0;4.5;0;0;BAR_ONLY;5;0.004;0.0;0.0136;0.018
W-50-1-A0034;1;A1;0.5;17290;290;19.9;21.3;263.0;4.0;0;0;BAR_ONLY;0;0.0061;0.0;0.012;0.018
Rundstickan|V-50-1-B0414.pdf;1;A1;0.5;17061;307;9.9;10.8;239.0;4.8;0;0;VERIFIED;9;0.0031;0.0;0.0144;0.018
Rundstickan|V-50-6-B0222.pdf;1;A1;0.5;9863;278;23.8;24.6;225.0;3.7;0;0;TEXT_ONLY;0;0.007;0.0;0.011;0.018
Priorn|V-50-1-A0402.pdf;1;A1;0.5;10874;289;20.6;21.4;230.0;3.9;0;0;TEXT_ONLY;0;0.0061;0.0;0.0116;0.018
test|V-50-1-A0211.pdf;1;A1;0.5;9684;287;10.5;11.6;226.0;5.0;0;0;VERIFIED;2;0.0033;0.0;0.0149;0.018
test|V-50-1-A0221.pdf;1;A1;0.5;9758;283;11.0;12.0;226.0;4.8;0;0;VERIFIED;5;0.0034;0.0;0.0143;0.018
test|V-50-1-A0223.pdf;1;A1;0.5;9223;296;11.3;12.3;227.0;4.9;0;0;VERIFIED;2;0.0035;0.0;0.0148;0.018
test|V-50-1-A0323.pdf;1;A1;0.5;9127;285;9.9;10.9;226.0;5.0;0;0;VERIFIED;3;0.0031;0.0;0.015;0.018
test|W-50-1-A-0022.pdf;1;A1;0.5;17549;295;19.7;20.9;266.0;4.1;0;0;BAR_ONLY;0;0.006;0.0;0.0122;0.018
Ritningar|V50-1-0843 - Plan B2, Del 43, Värme & Sanitäranlägg-.pdf;1;A1;0.5;7662;168;8.9;10.0;191.0;5.2;0;0;VERIFIED;10;0.0029;0.0;0.0155;0.018
z|13|1760276_1.pdf;1;A1;0.5;6306;245;8.8;10.0;202.0;5.2;0;0;VERIFIED;3;0.0029;0.0;0.0155;0.018
Rundstickan|V-50-1-B0422.pdf;1;A1;0.5;17363;307;10.6;11.5;239.0;4.7;0;0;VERIFIED;10;0.0033;0.0;0.0141;0.017
Rundstickan|V-52-1-A0123.pdf;1;A1;0.5;9239;271;9.4;10.3;226.0;4.6;0;0;VERIFIED;3;0.0029;0.0;0.0137;0.017
TOFTASKOLAN HUS B|V-50-1-020 HT.pdf;1;A1;0.5;9157;247;17.9;19.1;214.0;3.8;0;0;VERIFIED;0;0.0055;0.0;0.0114;0.017
Ritningar|V50-1-0823 - Plan B2, Del 23, Värme & Sanitäranlägg-.pdf;1;A1;0.5;9214;190;9.7;10.8;196.0;4.7;0;0;VERIFIED;8;0.0031;0.0;0.0141;0.017
z|13|1760275_1.pdf;1;A1;0.5;6915;263;11.5;12.6;205.0;4.6;0;0;VERIFIED;2;0.0036;0.0;0.0138;0.017
z|13|1760289_1.pdf;1;A1;0.5;8922;284;9.8;11.0;212.0;4.8;0;0;VERIFIED;6;0.0031;0.0;0.0143;0.017
z|13|1760296_1.pdf;1;A1;0.5;8738;330;11.3;12.6;222.0;4.4;0;0;VERIFIED;0;0.0036;0.0;0.0132;0.017
C;1;A1;0.5;16287;321;12.5;13.9;260.0;4.0;0;0;BAR_ONLY;5;0.004;0.0;0.0121;0.016
W-50-1-A0033;1;A1;0.5;16233;257;11.2;12.5;252.0;4.1;0;0;BAR_ONLY;6;0.0036;0.0;0.0124;0.016
Rundstickan|V-50-8-A0001.pdf;1;A1;0.5;10007;330;11.1;12.0;230.0;4.3;0;0;NONE;0;0.0034;0.0;0.0128;0.016
test|V-50-1-B0112.pdf;1;A1;0.5;8403;264;8.5;9.5;221.0;4.4;0;0;VERIFIED;7;0.0027;0.0;0.0131;0.016
test|W-50-1-ASD-0033.pdf;1;A1;0.5;16233;263;12.6;13.8;254.0;4.2;0;0;BAR_ONLY;6;0.0039;0.0;0.0126;0.016
TOFTASKOLAN HUS B|12.4 Ritningsförteckning VVS.pdf;2;A3;0.125;231;596;0.4;1.5;121.0;5.3;0;0;TEXT_ONLY;0;0.0004;0.0;0.0158;0.016
z|9|10.pdf;1;A1;0.5;11976;179;13.4;14.6;215.0;4.0;0;0;VERIFIED;3;0.0042;0.0;0.0121;0.016
z|13|1760312_1.pdf;1;A1;0.5;8409;271;9.8;11.0;209.0;4.4;0;0;VERIFIED;4;0.0031;0.0;0.0132;0.016
Rundstickan|V-53-1-A0123.pdf;1;A1;0.5;9143;269;10.4;11.2;228.0;4.0;0;0;VERIFIED;4;0.0032;0.0;0.0121;0.015
Rundstickan|V-53-1-A0124.pdf;1;A1;0.5;7831;254;11.5;12.1;221.0;3.8;0;0;VERIFIED;4;0.0035;0.0;0.0114;0.015
TOFTASKOLAN HUS B|V-50-1-010 HT.pdf;1;A1;0.5;8706;242;13.7;14.9;216.0;3.6;0;0;VERIFIED;0;0.0043;0.0;0.0109;0.015
z|13|1760277_1.pdf;1;A1;0.5;4064;195;7.5;8.6;192.0;4.1;0;0;VERIFIED;3;0.0025;0.0;0.0122;0.015
z|13|1760317_1.pdf;1;A1;0.5;11269;234;17.1;18.2;210.0;3.4;0;0;VERIFIED;0;0.0052;0.0;0.0101;0.015
Rundstickan|V-50-1-A5522.pdf;1;A1;0.5;10772;288;10.4;11.2;231.0;3.7;0;0;VERIFIED;3;0.0032;0.0;0.011;0.014
Rundstickan|V-50-1-B0113.pdf;1;A1;0.5;6989;221;7.3;8.2;216.0;3.9;0;0;VERIFIED;3;0.0023;0.0;0.0118;0.014
Rundstickan|V-50-1-B0223.pdf;1;A1;0.5;7564;238;10.5;11.5;219.0;3.6;0;0;VERIFIED;2;0.0033;0.0;0.0109;0.014
Rundstickan|V-50-1-B0412.pdf;1;A1;0.5;13783;282;8.4;9.3;229.0;3.9;0;0;VERIFIED;6;0.0027;0.0;0.0116;0.014
Rundstickan|V-50-6-B0122.pdf;1;A1;0.5;10610;284;8.5;9.3;227.0;3.8;0;0;VERIFIED;0;0.0027;0.0;0.0113;0.014
Rundstickan|V-50-6-B0322.pdf;1;A1;0.5;10287;281;8.9;9.8;225.0;3.8;0;0;VERIFIED;0;0.0028;0.0;0.0115;0.014
Rundstickan|V-50-8-B0001.pdf;1;A1;0.5;8587;302;9.1;10.0;224.0;3.8;0;0;NONE;0;0.0029;0.0;0.0115;0.014
Priorn|V-50-1-A0002.pdf;1;A1;0.5;10507;270;11.0;11.9;230.0;3.5;0;0;CONFLICT;0;0.0034;0.0;0.0105;0.014
Ritningar|V50-1-0834 - Plan B2, Del 34, Värme & Sanitäranlägg-.pdf;1;A1;0.5;4416;149;5.9;7.0;184.0;4.1;0;0;VERIFIED;9;0.002;0.0;0.0122;0.014
z|13|1760287_1.pdf;1;A1;0.5;8099;273;9.4;10.5;211.0;3.8;0;0;VERIFIED;0;0.003;0.0;0.0113;0.014
z|13|1760299_1.pdf;1;A1;0.5;7047;250;8.3;9.5;209.0;3.6;0;0;VERIFIED;1;0.0027;0.0;0.0108;0.014
Rundstickan|V-50-1-A0612.pdf;1;A1;0.5;8398;255;7.3;8.2;221.0;3.4;0;0;VERIFIED;1;0.0023;0.0;0.0103;0.013
Rundstickan|V-50-1-A0622.pdf;1;A1;0.5;9019;272;8.9;9.8;225.0;3.4;0;0;VERIFIED;0;0.0028;0.0;0.0103;0.013
Rundstickan|V-50-1-A5512.pdf;1;A1;0.5;9272;264;8.5;9.4;223.0;3.5;0;0;VERIFIED;3;0.0027;0.0;0.0104;0.013
Rundstickan|V-50-1-B0212.pdf;1;A1;0.5;8436;251;9.2;10.2;220.0;3.5;0;0;VERIFIED;3;0.0029;0.0;0.0105;0.013
Rundstickan|V-50-6-B0112.pdf;1;A1;0.5;9471;266;8.2;9.0;222.0;3.4;0;0;VERIFIED;0;0.0026;0.0;0.0101;0.013
Rundstickan|V-50-6-B0114.pdf;1;A1;0.5;9880;268;7.8;8.6;222.0;3.4;0;0;VERIFIED;0;0.0025;0.0;0.0101;0.013
Rundstickan|V-50-6-B0214.pdf;1;A1;0.5;10035;274;8.4;9.2;224.0;3.5;0;0;VERIFIED;0;0.0026;0.0;0.0104;0.013
Rundstickan|V-50-6-B0412.pdf;1;A1;0.5;14131;291;7.9;8.8;229.0;3.4;0;0;VERIFIED;0;0.0025;0.0;0.0101;0.013
Rundstickan|V-50-6-B0414.pdf;1;A1;0.5;16567;314;8.2;9.1;237.0;3.6;0;0;VERIFIED;0;0.0026;0.0;0.0109;0.013
Rundstickan|V-50-6-B0422.pdf;1;A1;0.5;15806;303;8.1;9.0;234.0;3.5;0;0;VERIFIED;0;0.0026;0.0;0.0104;0.013
Rundstickan|V-53-1-A0111.pdf;1;A1;0.5;7532;234;8.5;9.3;219.0;3.5;0;0;VERIFIED;3;0.0027;0.0;0.0105;0.013
Ritningar|V50-1-0844 - Plan B2, Del 44, Värme & Sanitäranlägg-.pdf;1;A1;0.5;10383;171;6.4;7.6;197.0;3.7;0;0;VERIFIED;6;0.0022;0.0;0.0111;0.013
z|13|1760293_1.pdf;1;A1;0.5;7436;257;9.7;11.0;211.0;3.3;0;0;VERIFIED;0;0.0031;0.0;0.0098;0.013
z|13|1760305_1.pdf;1;A1;0.5;6597;239;7.7;9.0;207.0;3.4;0;0;VERIFIED;1;0.0026;0.0;0.0103;0.013
Rundstickan|V-50-1-A0611.pdf;1;A1;0.5;6858;241;6.8;7.7;215.0;3.2;0;0;VERIFIED;0;0.0022;0.0;0.0095;0.012
Rundstickan|V-50-1-A0623.pdf;1;A1;0.5;7722;248;7.4;8.2;218.0;3.2;0;0;VERIFIED;0;0.0023;0.0;0.0096;0.012
Rundstickan|V-50-1-B0121.pdf;1;A1;0.5;6246;214;6.4;7.1;214.0;3.2;0;0;VERIFIED;1;0.002;0.0;0.0097;0.012
Rundstickan|V-50-1-B0312.pdf;1;A1;0.5;10244;251;8.2;9.3;223.0;3.2;0;0;VERIFIED;2;0.0027;0.0;0.0097;0.012
Rundstickan|V-50-1-B0314.pdf;1;A1;0.5;7091;232;8.1;9.1;216.0;3.2;0;0;VERIFIED;1;0.0026;0.0;0.0097;0.012
Rundstickan|V-50-1-B0423.pdf;1;A1;0.5;8306;235;7.3;8.3;218.0;3.2;0;0;VERIFIED;2;0.0024;0.0;0.0097;0.012
Rundstickan|V-50-1-B0512.pdf;1;A1;0.5;8596;249;7.6;8.5;220.0;3.2;0;0;VERIFIED;0;0.0024;0.0;0.0095;0.012
Rundstickan|V-50-1-B0514.pdf;1;A1;0.5;9471;252;7.6;8.5;222.0;3.2;0;0;VERIFIED;0;0.0024;0.0;0.0095;0.012
Rundstickan|V-50-1-B0522.pdf;1;A1;0.5;9556;254;7.9;8.7;222.0;3.2;0;0;VERIFIED;0;0.0025;0.0;0.0096;0.012
Rundstickan|V-50-6-B0212.pdf;1;A1;0.5;9107;262;8.2;9.2;219.0;3.2;0;0;VERIFIED;0;0.0026;0.0;0.0097;0.012
Rundstickan|V-50-6-B0223.pdf;1;A1;0.5;8569;256;7.6;8.4;218.0;3.2;0;0;VERIFIED;0;0.0024;0.0;0.0096;0.012
Rundstickan|V-50-6-B0312.pdf;1;A1;0.5;11352;268;7.9;8.7;222.0;3.2;0;0;VERIFIED;0;0.0025;0.0;0.0096;0.012
Rundstickan|V-50-6-B0314.pdf;1;A1;0.5;8270;251;7.5;8.3;217.0;3.1;0;0;VERIFIED;0;0.0024;0.0;0.0094;0.012
TOFTASKOLAN HUS B|V-50-8-001.pdf;1;A1;0.5;2670;183;8.9;10.0;200.0;3.0;0;0;TEXT_ONLY;0;0.0029;0.0;0.0089;0.012
TOFTASKOLAN HUS B|V-57.1-02-BÖP.pdf;1;A1;0.5;6939;229;6.3;7.4;209.0;3.2;0;0;VERIFIED;0;0.0021;0.0;0.0095;0.012
TOFTASKOLAN HUS B|V-57.1-02-HT.pdf;1;A1;0.5;7156;224;6.6;7.7;209.0;3.2;0;0;VERIFIED;0;0.0022;0.0;0.0095;0.012
z|13|1760311_1.pdf;1;A1;0.5;7438;233;8.2;9.5;205.0;3.2;0;0;VERIFIED;1;0.0027;0.0;0.0096;0.012
S1_plan10_del44.pdf;1;A1;0.5;6636;168;6.0;6.9;190.0;3.0;0;0;VERIFIED;1;0.002;0.0;0.0091;0.011
Rundstickan|V-50-1-B0111.pdf;1;A1;0.5;6770;219;6.5;7.3;214.0;3.0;0;0;VERIFIED;1;0.0021;0.0;0.0091;0.011
TOFTASKOLAN HUS B|V-57.1-03-DEM.pdf;1;A3;0.125;1535;82;6.5;7.6;181.0;2.9;0;0;NONE;0;0.0022;0.0;0.0087;0.011
TOFTASKOLAN HUS B|V-50-1-01 RIVNING.pdf;1;A3;0.125;399;299;3.6;4.7;184.0;3.1;0;0;NONE;0;0.0013;0.0;0.0092;0.01
TOFTASKOLAN HUS B|V-57.1-01-BÖP.pdf;1;A1;0.5;4317;195;5.2;6.4;203.0;2.7;0;0;VERIFIED;0;0.0018;0.0;0.0082;0.01
TOFTASKOLAN HUS B|V-57.1-01-HT.pdf;1;A1;0.5;4886;202;5.6;6.7;205.0;2.8;0;0;VERIFIED;0;0.0019;0.0;0.0085;0.01
TOFTASKOLAN HUS B|V-57.8-001.pdf;1;A1;0.5;14736;201;7.5;8.5;219.0;2.6;0;0;NONE;0;0.0024;0.0;0.0078;0.01
TOFTASKOLAN HUS B|V-53-1-010.pdf;1;A1;0.5;1827;160;4.6;5.7;191.0;2.5;0;0;VERIFIED;0;0.0016;0.0;0.0075;0.009
z|13|1760268_1.pdf;1;A1;0.5;3226;157;4.9;6.0;186.0;2.5;0;0;VERIFIED;1;0.0017;0.0;0.0075;0.009
z|13|1760270_1.pdf;1;A1;0.5;3409;156;5.3;6.3;185.0;2.5;0;0;VERIFIED;2;0.0018;0.0;0.0076;0.009
z|13|1760272_1.pdf;1;A1;0.5;2170;134;4.6;5.7;180.0;2.5;0;0;VERIFIED;4;0.0016;0.0;0.0075;0.009
TOFTASKOLAN HUS B|V-53-1-010 HT.pdf;1;A1;0.5;1635;153;4.3;5.3;190.0;1.9;0;0;VERIFIED;0;0.0015;0.0;0.0056;0.007
